Pop;Iter;Min;Max;Avg
Inf;0;-0.1294979530273648;-0.015890971773324714;-0.05934281404869634
Inf;1;-0.11360698125404008;-0.025694893341952168;-0.055611218846512975
Inf;2;-0.09281404869640164;-0.015890971773324714;-0.049358974358974364
Inf;3;-0.09281404869640164;-0.01098901098901099;-0.044710191769015285
Inf;4;-0.08182503770739065;-0.01098901098901099;-0.041329095740860446
Fea;4;0.4046142034490944;0.4056263491980822;0.40512027632358827
