min;max;avg
-0.6753393665158373;-0.3388278388278388;-0.507083602671838
-0.6753393665158373;-0.32967032967032966;-0.5025048480930835
-0.6753393665158373;-0.32541478129713425;-0.5003770739064858
-0.6521223874165051;-0.31625727213962507;-0.4841898297780651
-0.5690583925878044;-0.31625727213962507;-0.44265783236371475
