min;max;avg
-0.5350140056022409;-0.3176039646627882;-0.42630898513251453
-0.5350140056022409;-0.30780004309416076;-0.4214070243482008
