min;max;avg
-0.9697263520792934;-0.4445162680456798;-0.7071213100624866
-0.9697263520792934;-0.4445162680456798;-0.7071213100624866
-0.9697263520792934;-0.4445162680456798;-0.7071213100624866
