Inst;Fit;Time (sec);First Feas (at Iter)
1;0.8070196433187011;99.21244740486145;5
2;0.8215085862634685;95.7876148223877;17
